year,actual_california,scm_counterfactual,regression_counterfactual,scm_gap,regression_gap
2000,41.599998474121094,67.184909817876445,52.98270353337605,-25.58491134375535,-11.38270505925496
